external_id,services
1,"[""Executive Production""]"
2,"[""Executive Production""]"
3,"[""Executive Production""]"
4,"[""Executive Production""]"
5,"[""Executive Production""]"
6,"[""Executive Production""]"
7,"[""Executive Production""]"
8,"[""Executive Production""]"
9,"[""Executive Production""]"
10,"[""Executive Production""]"
11,"[""Executive Production""]"
12,"[""Executive Production""]"
13,"[""Programming""]"
14,"[""Executive Production"", ""Event Concepting""]"
15,"[""Production""]"
16,"[""Programming"", ""Event Concepting"", ""Event Production""]"
17,"[""Gifting""]"
18,"[""Executive Production""]"
19,"[""Executive Production""]"
20,"[""Executive Production""]"
21,"[""Executive Production""]"
22,"[""Programming"", ""Event Concepting""]"
23,"[""Culinary Production""]"
24,"[""Executive Production""]"
25,"[""Executive Production""]"
26,"[""Executive Production""]"
27,"[""Executive Production""]"
28,"[""Executive Production""]"
29,"[""Executive Production"", ""Programming"", ""Executive Production"", ""Programming ""]"
30,"[""Creative Direction""]"
31,"[""Marketing""]"
32,"[""Event Concepting"", ""Executive Production""]"
33,"[""Executive Production""]"
34,"[""Executive Production""]"
35,"[""Executive Production""]"
36,"[""Executive Production""]"
37,"[""Event Concepting"", ""Executive Production""]"
38,"[""Executive Production""]"
39,"[""Event Concepting"", ""Executive Production"", ""Culinary Programming""]"
40,"[""Executive Production"", ""Programming"", ""Creative Direction""]"
41,"[""Executive Production""]"
42,"[""Executive Production""]"
43,"[""Programming"", ""Executive Production""]"
44,"[""""]"
45,"[""Executive Production""]"
46,"[""Executive Production""]"
47,"[""Executive Production""]"
48,"[""Executive Production""]"
49,"[""Executive Production""]"
50,"[""Executive Production""]"
51,"[""Event Concepting"", ""Executive Production""]"
52,"[""Executive Production""]"
53,"[""Executive Production""]"
54,"[""Executive Production""]"
55,"[""Executive Production""]"
56,"[""Executive Production""]"
57,"[""Executive Production""]"
58,"[""Executive Production""]"
59,"[""Executive Production""]"
60,"[""Executive Production""]"
61,"[""Executive Production""]"
62,"[""Executive Production""]"
63,"[""Executive Production""]"
64,"[""Executive Production""]"
65,"[""Executive Production""]"
66,"[""RSVP Management""]"
67,"[""Executive Production""]"
68,"[""Programming"", ""Programming ""]"
69,"[""Executive Production""]"
70,"[""Executive Production"", ""RSVP Management"", ""Talent Programming""]"
71,"[""Culinary Production""]"
72,"[""Executive Production""]"
73,"[""Programming"", ""Executive Production""]"
74,"[""Consulting""]"
75,"[""Marketing""]"
76,"[""Executive Production""]"
77,"[""RSVP Management""]"
78,"[""Executive Production""]"
79,"[""Event Concepting"", ""Executive Production""]"
80,"[""Executive Production""]"
81,"[""Executive Production""]"
82,"[""Executive Production""]"
83,"[""Executive Production""]"
84,"[""Executive Production""]"
85,"[""Executive Production""]"
86,"[""Executive Production""]"
87,"[""Executive Production""]"
88,"[""Production""]"
89,"[""Culinary Production""]"
90,"[""Executive Production""]"
91,"[""RSVP Management""]"
92,"[""Consulting""]"
93,"[""Executive Production""]"
94,"[""Executive Production""]"
95,"[""RSVP Management""]"
96,"[""Executive Production""]"
97,"[""Content Production"", ""Consulting""]"
98,"[""Executive Production""]"
99,"[""Creative Direction""]"
100,"[""Executive Production""]"
101,"[""Executive Production""]"
102,"[""Culinary Production""]"
103,"[""Executive Production""]"
104,"[""Executive Production""]"
105,"[""Executive Production""]"
106,"[""Culinary Production""]"
107,"[""Executive Production""]"
108,"[""Gifting""]"
109,"[""Executive Production""]"
110,"[""Marketing"", ""Gifting""]"
111,"[""Gifting""]"
112,"[""Executive Production""]"
113,"[""RSVP Management""]"
114,"[""Programming""]"
115,"[""Executive Production""]"
116,"[""Executive Production""]"
117,"[""Gifting""]"
118,"[""Executive Production""]"
119,"[""Executive Production""]"
120,"[""Executive Production""]"
121,"[""Executive Production""]"
122,"[""Executive Production""]"
123,"[""Executive Production""]"
124,"[""Executive Production""]"
125,"[""Executive Production""]"
126,"[""Executive Production""]"
127,"[""RSVP Management""]"
128,"[""Executive Production""]"
129,"[""Marketing""]"
130,"[""Executive Production""]"
131,"[""Executive Production""]"
132,"[""Executive Production""]"
133,"[""Executive Production""]"
134,"[""Executive Production"", ""Event Concepting""]"
135,"[""Executive Production""]"
136,"[""Event Concepting"", ""Executive Production""]"
137,"[""Executive Production""]"
138,"[""RSVP Management""]"
139,"[""Executive Production""]"
140,"[""Creative Direction""]"
141,"[""Executive Production""]"
142,"[""RSVP Management"", ""Creative Direction""]"
143,"[""Executive Production""]"
144,"[""Executive Production""]"
145,"[""Executive Production"", ""Event Concepting""]"
146,"[""Executive Production""]"
147,"[""Event Concepting"", ""Executive Production""]"
148,"[""Executive Production"", ""RSVP Management""]"
149,"[""Executive Production""]"
150,"[""RSVP Management"", ""Creative Direction""]"
151,"[""Event Concepting"", ""Executive Production""]"
152,"[""Creative Production""]"
153,"[""Executive Production""]"
154,"[""Executive Production""]"
155,"[""Executive Production""]"
156,"[""Executive Production""]"
157,"[""Executive Production""]"
158,"[""Marketing""]"
159,"[""Executive Production""]"
160,"[""Executive Production""]"
161,"[""Executive Production""]"
162,"[""Event Concepting"", ""Executive Production""]"
163,"[""Programming""]"
164,"[""Executive Production""]"
165,"[""Executive Production""]"
166,"[""Marketing""]"
167,"[""Programming""]"
168,"[""Liquor Cabinet Program"", ""Gifting""]"
169,"[""RSVP Management""]"
170,"[""Executive Production"", ""Marketing""]"
171,"[""Marketing""]"
172,"[""Programming""]"
173,"[""Consulting""]"
174,"[""Programming""]"
175,"[""Culinary Production""]"
176,"[""Executive Production""]"
177,"[""Executive Production"", ""Event Concepting""]"
178,"[""Executive Production""]"
179,"[""Programming""]"
180,"[""Executive Production""]"
181,"[""Executive Production""]"
182,"[""Creative Direction""]"
183,"[""Executive Production""]"
184,"[""Executive Production""]"
185,"[""Executive Production""]"
186,"[""Marketing""]"
187,"[""Executive Production""]"
188,"[""Executive Production""]"
189,"[""Executive Production""]"
190,"[""Programming""]"
191,"[""Executive Production""]"
192,"[""Referral Agreement (Venues)""]"
193,"[""Programming""]"
194,"[""Marketing""]"
195,"[""Liquor Cabinet Program""]"
196,"[""Executive Production""]"
197,"[""Programming""]"
198,"[""Executive Production""]"
199,"[""Executive Production"", ""RSVP Management""]"
200,"[""Executive Production""]"
201,"[""Gifting""]"
202,"[""Executive Production""]"
203,"[""Gifting""]"
204,"[""Executive Production""]"
205,"[""Executive Production""]"
206,"[""RSVP Management""]"
207,"[""Executive Production""]"
208,"[""Consulting""]"
209,"[""Executive Production""]"
210,"[""Executive Production""]"
211,"[""Executive Production""]"
212,"[""Executive Production""]"
213,"[""Executive Production""]"
214,"[""Executive Production""]"
215,"[""Executive Production""]"
216,"[""Event Concepting"", ""Executive Production""]"
217,"[""Executive Production""]"
218,"[""Event Concepting"", ""Executive Production""]"
219,"[""Marketing""]"
220,"[""Marketing""]"
221,"[""Marketing""]"
222,"[""Executive Production""]"
223,"[""Executive Production""]"
224,"[""Consulting""]"
225,"[""Executive Production""]"
226,"[""Marketing""]"
227,"[""Executive Production""]"
228,"[""Executive Production""]"
229,"[""Marketing""]"
230,"[""Marketing""]"
231,"[""Executive Production""]"
232,"[""Executive Production""]"
233,"[""Programming""]"
234,"[""Executive Production""]"
235,"[""Liquor Cabinet Program""]"
236,"[""Executive Production""]"
237,"[""Executive Production""]"
238,"[""Marketing"", ""Executive Production""]"
239,"[""Executive Production""]"
240,"[""Executive Production""]"
241,"[""RSVP Management""]"
242,"[""Executive Production""]"
243,"[""Executive Production""]"
244,"[""Programming""]"
245,"[""Creative Direction"", ""Culinary Programming""]"
246,"[""Executive Production""]"
247,"[""Executive Production""]"
248,"[""Executive Production""]"
249,"[""Programming""]"
250,"[""Creative Direction"", ""Executive Production""]"
251,"[""Executive Production""]"
252,"[""Talent Programming""]"
253,"[""Executive Production""]"
254,"[""Executive Production""]"
255,"[""Executive Production""]"
256,"[""Executive Production""]"
257,"[""Executive Production""]"
258,"[""Executive Production""]"
259,"[""Executive Production""]"
260,"[""Executive Production""]"
261,"[""Executive Production""]"
262,"[""Executive Production""]"
263,"[""Executive Production""]"
264,"[""Executive Production""]"
265,"[""Executive Production""]"
266,"[""Executive Production""]"
267,"[""Executive Production""]"
268,"[""Culinary Programming""]"
269,"[""Executive Production""]"
270,"[""Executive Production""]"
271,"[""Executive Production""]"
272,"[""Executive Production""]"
273,"[""Programming"", ""Executive Production""]"
274,"[""Executive Production""]"
275,"[""Executive Production""]"
276,"[""Executive Production""]"
277,"[""Liquor Cabinet Program""]"
278,"[""Executive Production""]"
279,"[""Executive Production""]"
280,"[""Executive Production""]"
281,"[""Executive Production""]"
282,"[""Executive Production""]"
283,"[""Executive Production""]"
284,"[""Executive Production""]"
285,"[""Executive Production""]"
286,"[""Executive Production""]"
287,"[""Executive Production""]"
288,"[""Executive Production""]"
289,"[""Executive Production""]"
290,"[""Executive Production""]"
291,"[""Executive Production""]"
292,"[""Executive Production""]"
293,"[""Executive Production""]"
294,"[""Programming""]"
295,"[""Culinary Programming""]"
296,"[""Executive Production""]"
297,"[""Executive Production""]"
298,"[""Executive Production""]"
299,"[""Executive Production""]"
300,"[""Executive Production""]"
301,"[""Marketing"", ""Programming""]"
302,"[""Creative Direction""]"
303,"[""Programming"", ""Executive Production""]"
304,"[""Executive Production""]"
305,"[""RSVP Management""]"
306,"[""Programming""]"
307,"[""Executive Production""]"
308,"[""Executive Production""]"
309,"[""Executive Production""]"
310,"[""Executive Production""]"
311,"[""Executive Production""]"
312,"[""Executive Production""]"
313,"[""Executive Production""]"
314,"[""Executive Production""]"
315,"[""Executive Production""]"
316,"[""Executive Production""]"
317,"[""Programming""]"
318,"[""Executive Production"", ""Programming""]"
319,"[""Executive Production""]"
320,"[""Executive Production""]"
321,"[""Executive Production""]"
322,"[""Executive Production""]"
323,"[""Executive Production""]"
324,"[""Executive Production""]"
325,"[""Executive Production""]"
326,"[""Executive Production""]"
327,"[""Executive Production""]"
328,"[""Executive Production""]"
329,"[""Executive Production""]"
330,"[""Executive Production""]"
331,"[""Programming""]"
332,"[""Executive Production""]"
333,"[""Executive Production""]"
334,"[""Executive Production""]"
335,"[""Executive Production""]"
336,"[""Executive Production""]"
337,"[""Executive Production""]"
338,"[""Executive Production""]"
339,"[""Talent Programming""]"
340,"[""Executive Production""]"
341,"[""Executive Production""]"
342,"[""Programming""]"
343,"[""Programming""]"
344,"[""Executive Production""]"
345,"[""Executive Production""]"
346,"[""Programming""]"
347,"[""Executive Production""]"
348,"[""Executive Production""]"
349,"[""Executive Production""]"
350,"[""Programming""]"
351,"[""Executive Production""]"
352,"[""Executive Production""]"
353,"[""Executive Production""]"
354,"[""Executive Production"", ""Programming""]"
355,"[""Executive Production""]"
356,"[""Programming""]"
357,"[""Programming""]"
358,"[""Programming""]"
359,"[""Executive Production""]"
360,"[""Executive Production""]"
361,"[""Executive Production""]"
362,"[""Programming""]"
363,"[""Programming""]"
364,"[""Programming""]"
365,"[""Programming""]"
366,"[""Executive Production""]"
367,"[""Executive Production""]"
368,"[""Executive Production""]"
369,"[""Executive Production""]"
370,"[""Executive Production""]"
371,"[""Executive Production""]"
372,"[""""Referral Agreement (Agency"", ""Vendor"", ""Partner)""""]"
373,"[""Executive Production""]"
374,"[""Executive Production""]"
375,"[""Executive Production""]"
376,"[""Programming""]"
377,"[""Executive Production""]"
378,"[""Executive Production"", ""Programming""]"
379,"[""Executive Production""]"
380,"[""Executive Production""]"
381,"[""Executive Production""]"
382,"[""Executive Production""]"
383,"[""Executive Production""]"
384,"[""Executive Production""]"
385,"[""Event Concepting""]"
386,"[""Executive Production"", ""Programming""]"
387,"[""Executive Production""]"
388,"[""Executive Production""]"
389,"[""Executive Production""]"
390,"[""Liquor Cabinet Program""]"
391,"[""Gifting""]"
392,"[""Programming""]"
393,"[""Event Concepting""]"
394,"[""Programming""]"
395,"[""Programming""]"
396,"[""Executive Production""]"
397,"[""Executive Production""]"
398,"[""Programming""]"
399,"[""Programming"", ""Executive Production""]"
400,"[""Executive Production""]"
401,"[""Executive Production""]"
402,"[""Executive Production""]"
403,"[""Executive Production""]"
404,"[""Executive Production""]"
405,"[""Executive Production""]"
406,"[""Executive Production""]"
407,"[""Executive Production""]"
408,"[""Executive Production""]"
409,"[""Creative Direction""]"
410,"[""Executive Production""]"
411,"[""Executive Production""]"
412,"[""Executive Production""]"
413,"[""Programming""]"
414,"[""Programming""]"
415,"[""RSVP Management""]"
416,"[""Executive Production""]"
417,"[""Executive Production""]"
418,"[""Executive Production""]"
419,"[""Programming""]"
420,"[""Executive Production""]"
421,"[""Executive Production""]"
422,"[""Executive Production""]"
423,"[""Executive Production""]"
424,"[""Executive Production""]"
425,"[""Executive Production""]"
426,"[""Executive Production""]"
427,"[""Programming"", ""Executive Production""]"
428,"[""Executive Production""]"
429,"[""Executive Production""]"
430,"[""Programming""]"
431,"[""RSVP Management""]"
432,"[""RSVP Management""]"
433,"[""Executive Production""]"
434,"[""Programming"", ""Executive Production""]"
435,"[""Executive Production""]"
436,"[""Executive Production""]"
437,"[""Executive Production""]"
438,"[""Executive Production""]"
439,"[""Executive Production""]"
440,"[""Executive Production""]"
441,"[""Executive Production""]"
442,"[""Executive Production""]"
443,"[""Executive Production""]"
444,"[""Executive Production""]"
445,"[""Executive Production""]"
446,"[""Executive Production""]"
447,"[""Executive Production""]"
448,"[""Executive Production""]"
449,"[""Executive Production""]"
450,"[""Programming""]"
451,"[""Programming ""]"
452,"[""Executive Production""]"
453,"[""Executive Production""]"
454,"[""Executive Production""]"
455,"[""Executive Production""]"
456,"[""Executive Production""]"
457,"[""Creative Direction""]"
458,"[""Executive Production""]"
459,"[""Executive Production""]"
460,"[""Programming""]"
461,"[""Executive Production""]"
462,"[""Executive Production""]"
463,"[""Creative Direction""]"
464,"[""Programming""]"
465,"[""Executive Production"", ""Programming""]"
466,"[""Executive Production""]"
467,"[""Executive Production""]"
468,"[""Executive Production""]"
469,"[""Executive Production""]"
470,"[""Marketing""]"
471,"[""Executive Production""]"
472,"[""Executive Production""]"
473,"[""Executive Production""]"
474,"[""Executive Production""]"
475,"[""Executive Production""]"
476,"[""Executive Production""]"
477,"[""Programming""]"
478,"[""Executive Production""]"
479,"[""Executive Production""]"