external_id,notes
1,"Client will update us next week on whether Etsy (and possibly Shopify) are moving forward and with what timing and budget. Once you know that, we'll schedule a short intake call to define scope (creative vs full production), costs, and a plan, while keeping Ace as a larger 2026 project to scope later. SY 12/17"
2,SY to schedule intake call; perfect RTH client. SY 12/16
3,Sue having breakfast with client in Jan. SY 12/16
4,Follow up in early January for event. That's when staff will be trained and product will be in TAO. SY 12/11
5,SY has intake call in January. SY 12/18
6,Nurture relationship for future opps. Invite to the next networking event. SY 12/10
7,Nurture relationship for future opps. SY 12/10
8,Nurture relationship for future opps. SY 12/10
9,Strong culinary/lifestyle brand fit. Great candidate for partnerships and event invitations. Sue and Gaby setting up coffee. SY 12/12
10,JBF offered to intro CoC to events team. SY 12/10
11,We worked with her team recently on the Wild Cherry event. Strong relationship to nurture; ideal for future Dior or LVMH experiential moments. SY 12/10
12,NB had intake call. Awaiting client brief. SY 12/17
13,"Client following up with 2026 show calendar. Pending further details, CoC to propose Vendor Management scope for initial show release. SY to follow up once more in January 12/18"
14,"Corey sent brief, Gaby responded with an official proposal. Hoping for a January start date. GD, 12/18"
15,"Victor scheduling procurement call with Gaby and Alexandra for the new year. GD, 12/18"
16,"Gemma Bell sending official RFP. Care of Chan and Gemma Bell to work together on a bid to pitch to Dishoom in NY in late Feb. GD, 12/18"
17,Greenlit by client! Moving into contracting/invoicing. SY 12/03
18,Reconnected with BFA & NYT to discuss format and programming in celebration of NYT Dumpling Week + Lunar New Year. Will pick back up in the new year once the venue has been confirmed. JA 12/18
19,SY and GD have intake call scheduled in Janu. SY 12/17
20,SY and GD have intake call scheduled next week. SY 12/05
21,"They’ll send a rough events calendar plus sample press/influencer targets, and then we can scope a potential role for us around talent and future cafe programming. SY 12/17"
22,Sent our agency deck and proposed SOW. Awaiting client decision on go/no-go. SY 12/17
23,Passed due to brand misalignment and bandwdith. SY 12/04
24,Greenlit by client! Pending contracting + intro call with Anicka to better understand creative vision. SY 12/17
25,Onboarding happend 11/25. Proposal due for 3rd week of December. SY 12/03
26,"2026's Nothing New was mentioned as potential collaboration. Client invited us to their event next week to chat 2026. SY, 12/04"
27,Client finalizing sponsorship conversations to provide final budget SY 12/17
28,SC and SY having 2026 planning call on 01/13 SY 12/04
29,"Gaby owes them a proposal outlining staffing, our fees, and high-level budget. Gaby to work with Zach on this in the new year. GD, 12/18"
30,Passed due to bandwidth around NYFW. SY 12/04
31,"Client wanted exploratory call as they build their marketing program for 2026. Not ready to work together, but shared our agencies fees and services. SY 12/17"
32,SY had intake on 11/19. Client to confirm budget and final events in coming weeks. SY 12/03
33,Working on contract next steps with client. Client asked for a rough proposal of budget allocation. GD to chat with team and get back to client next week. SY 09/26
34,Team presented proposal on 10/08. SY 10/08
35,Client wasn't ready to chat Q2 2026 in December. SY setting up on call for Jan to chat Q2 + Q3 2026. SY 12/18
36,CoC getting client our initial thoughts by EOW. 12/17
37,Client needs a few weeks to align internally. Asked to circle back in 2026 to assess appetite for large scale activation. SY 12/17
38,NB scheduling follow up call with client and partner in January to better understand opportunity. SY 12/17
39,"Connecting with the external Hilton team on Fri, 12/19 for a meet 'n greet + kick-off discussions. JA 12/18"
40,"Scope and recommended staffing in internal review; feedback due to Resy Friday, 12/19. JA 12/18"
41,Reconnect at start of 2026 to explore partnership opportunities. SY 12/17
42,SY and SC met with client on 12/08. Awaiting budget from client. SY 12/17
43,"We had capabilities call to talk about programming their new soho store, in addition to producing the programs. GD working on setting up a follow up call to chat more granularly about scope. GD, 12/18"
44,GD + SY setting up time to chat 2026. SY 11/24
45,"Dani met Jeremy at J.Crew Puglia trip. He expressed interest in working with CoC for a Rolex event. GD followed up on 11/13 to gauge Rolex's interest. Client needs more time to get info on events + production partner preferences SY, 11/23"
46,SY reaching out to talk 2026 plans before EOY. SY 12/04
47,NB had intake call on 11/19. Plan to regroup with client first week of January 2026 with budget clarity and to chat about potential retainer relationship for ongoing Arc’teryx events. Libby on maternity leave starting mid-March (replacement TBD) SY 12/04
48,Client needs more time to get concrete info for 2026. NB to circle back in 2026 for May Event at NYCxDESIGN. SY 11/21
49,NB had intake call on 12/10. Going to pick up convo again in January. SY 12/17
50,SY + GD had exploratory call with client to chat about 2026 plans. NB sent relevant case studies and details about proposed scope. Awaiting client feedback. Followed up once more on 12/18 SY 12/18
51,
52,"Cam shared full 2026 calendar. GD working on scheduling proper intake. GD, 11/21"
53,"Due to budget cuts, this event got killed. GD, 12/18"
54,"Cam shared as fuller 2026 calendar. We're holding the dates and GD will schedule intake as we get closer to the event date. GD, 11/21"
55,"Cam shared as fuller 2026 calendar. We're holding the dates and GD will schedule intake as we get closer to the event date. GD, 11/21"
56,"Cam shared as fuller 2026 calendar. We're holding the dates and GD will schedule intake as we get closer to the event date. GD, 11/21"
57,"Cam shared as fuller 2026 calendar. We're holding the dates and GD will schedule intake as we get closer to the event date. GD, 11/21"
58,"Cam shared as fuller 2026 calendar. We're holding the dates and GD will schedule intake as we get closer to the event date. GD, 11/21"
59,"Cam shared as fuller 2026 calendar. We're holding the dates and GD will schedule intake as we get closer to the event date. GD, 11/21"
60,NB had 2026 planning on 12/10. Exploring 2026 ways of working together. SY 12/17
61,SY setting up call for January to chat 2026 planning. SY 11/18
62,GD reached out on 11/17 to chat 2026. SY 11/17
63,SY reaching out about 2026 planning. Client says let's circle back in mid-January SY 11/14
64,NB had intake call to chat 2026 on 12/09. Exploring future ways of working together. SY 12/17
65,Sue let them know we can't produce but NB going to take call to chat CD + 2026. SY 11/14
66,Passed due to concept + condensed timeline. SY 11/14
67,"Client requested that we submit budget estimate in order to greenlight project. GD working with team on getting a budget built in Jan. GD, 12/4"
68,Client is not ready to engage in long term programming retainer. Scheduling a call to circle back in Jan 2026. SY 11/13
69,SY setting up call to chat through 2026 plans and explore ways of working together. SY 11/13
70,Gaby + Susana chatted with Jens about his current needs and goals and are pitching a wide range of agency services. Jens asked us to circle back to this some time in October/November due to tariffs and tight budget. GD setting up renewal call wtih client. SY 11/13
71,Perfect for RTH. SY 11/13
72,SY reached out on 11/13 to see how tour is shaping up. SY 11/13
73,"While we're still awaiting more information, Dana mentioned this was coming our way at the YE Trend event last night. JA 11/13"
74,In Progress
75,Gaby had call with client on 11/11 to discuss kick-off for top of 2026 SY 11/12
76,We passed due to lack of production bandwidth; Offered creative direction instead. SY 11/12
77,SY had intake call and passed on assisting on next week's Gala. CoC to share agency deck. L’Alliance sharing 2025 guest list for reference. We also shared rough fee proposal for ~10% guest enhancement (≈15 celebrity guests). Awaiting client feedback SY 12/16
78,"Resy already has 120 Committed Events for 2026, and expressed their desire to move the more high-profile, bespoke events to COC (from Karlitz) but we must meet their fee structure of $10k per event"
79,All discussions around this was paused (which is not in Resy's control) but this has moved beyond Q2 JA 11/13
80,"We passed due to limited budget and timeline, but asked if there was any flexibility around RFP due date or budget. Waiting feedback, followed up twice. SY 12/18"
81,"Resy is interested in doing a campaign to officially announce that Tock is a part of Resy; This would be part of the experiential strategy for JCE/Tock + Resy integration campaign, but the concept is TBD and will likely be part of a larger strategy Resy has yet to briefed on JA 11/13"
82,Looking at doing this in the spring before Resy's joint consumer experience (JCE) launch; Kick off would be in January JA 11/13
83,Conversations still on hold until Amex signs MSA agreement; Sofia is looking to reschedule Ext Hilton call prior to our winter break. JA 12/4
84,Perfect for RTH. Reach out when we're ready. SY 12/09
85,Prospective client who admires CoC events and wants to find ways to work with us. SY 12/08
86,"Due to short lead time, client cancelled this moment. Hoping to find future ways of working together. SY 11/07"
87,SY had intake call on 11/06 and sent agency deck as follow up. SY 11/12
88,Production in motion
89,"Client needs culinary production, but our team doesn't have bandwidth to take this on. Target team asked to attend future CoC events to experience CoC's F&B firsthand. SY 11/06"
90,GD setting up exploratory call for 11/11. SY 10/30
91,Passed due to bandwidth and short notice. SY 11/07
92,"Rachelle used the 2nd half of her consulting hour with Sue this week. We passed on RSVP management for event, due to bandwidth. SY 10/09 "
93,"We're moving forward with The Longest Table concept. Kickng off proposal phase in the new year. GD, 12/18"
94,Awaiting client readiness after SC and GD met to share agency services. SY 10/30
95,SY had intake call to share agency services and chat through 2026 plans. SY shared agency deck. Olivier will be chatting with DR tourism board in coming months and will soft pitch the idea of partnering together. SY 11/05
96,NB passed on opp due to limited bandwidth and lack of budget. Perfect for RTH though! SY 11/05
97,Resy unfortunately was rfp-ing other agencies and have decided to work with another agency for these two events. We will pick content back up for Rx Sponsored events in Jan/Feb 2026
98,Client said their 2026 budget doesn't allow for official 2026 long term production partner. No next steps. SY 10/27
99,Passed due to bandwidth + holiday office closure. SY 10/28
100,Client wasn't able to get budget approved by senior leadership. Had to cancel. SY 10/31
101,MikeTeevee sending CoC NDA to disclose further info on creative + budget. SY followed up on 10/22. SY 10/22
102,Reach out when we have RTH. SY 10/23
103,Sue going to private collection SS26 presentation and planting seeds for 2026 outreach. SY 10/23
104,We passed due to bandwidth; Perfect for RTH clients!
105,Client cancelled but expressed interest in future ways of working together. NB hoping to schedule call in coming weeks. SY 10/22
106,"CoC offered Culinary/Creative Direction scope instead of Culinary Production due to smaller budget. Client expressed interest, but would still need to increase budget in order for CoC to meet goals. Client could not increase budget and needs so we will have to pass here. SY 10/22"
107,"Passed due to capacity, but will nurture relationship for 2026 programming retainer. SY 10/21"
108,"Client decided to pause any gifting initiatives, but will circle back in 2026 after seeing where large chain retail placements land in Spring. SY 10/21"
109,We had to pass due to bandwidth. SY to see if we can pitch referral agreement to LaMont Digital. SY 10/22
110,"Client not sure of budget or timeline just yet, but most interested in Gifting. NB sent Gifting SOW, client requested time to digest. CoC awaiting feedback. SY 10/21"
111,Passed due to bandwidth. Will circle back mid-November to chat 2026. SY 10/21
112,"Sue met with CEO + they have some great, but nascent ideas for 2025/2026. Passed due to bandwidth and lack of cohesive concept. SY 11/18"
113,Client reached out 3 days before event. CoC unable to guarentee RSVPs on such short notice. We passed SY 10/17
114,No next steps. Client's budget didn't allow for engagement this year. SY 10/17
115,Client having internal conversation to decide final concept + budget before CoC gives response. SY 10/15
116,No next steps; Client ended up cancelling before we had intake call SY 10/16
117,Passed due to bandwidth. Will circle back mid-November to chat 2026. SY 10/21
118,We had to pass due to bandwidth.  SY 10/22
119,"NB took intake call; Client was mostly interested in hearing about CoC services, but was curious if we could help find sponsor seeing that Treetop has no budget. 10/15 SY "
120,"NB turned down due to timeline, bandwidth + brand fit. Will circle back when RTH is ready 10/14"
121,"NB turned down due to timeline, bandwidth + brand fit. Will circle back when RTH is ready 10/14"
122,Client wants to be introed to Happier group. Renée is assessing fit. SY 10/10
123,Officially in Production as of 10/29
124,"No longer happening due to budget, GD 12/4"
125,"No longer happening due to budget, GD 12/4"
126,Murphy O'Brien was not aware that CoC is talking to Auberge property Wildflower Farms for a separate opp. NB shared our agency deck and asked for Etéreo's events deck for our team's consideration.  SY 10/09
127,"Client still gathering initial info from agencies + doesn't have format, location, budget decided. NB to follow up in a few months. SY 10/08"
128,Client pitched their Brazilian properties as potential destinations for CoC to bring future gigs to. CoC to consider properties in future client convos. No next steps. SY 10/08
129,Preeti no longer works at Kent! Sounds like the board had let him go - per intel from Alexandra! SY 10/09
130,UNIQLO November event with Labubu isn't happening. They couldn't secure the budget to do an event. SY 10/09
131,Cancelled event due to delays in approvals from Italy team. NB to continue nurturing relationship for 2026. SY 10/08
132,Production in motion
133,"We turned down this opp due to small budget, but sent the client our agency deck and shared our services for future events planning. SY 10/01"
134,Production in motion
135,Check in mid-Oct one they get past their event 09/29
136,"We had our post-mort from the MAD Mondays project. Doesn't seem like they're going to move forward with this scope with us just based on the fact that they don't have the budget for us to produce. I will check back in the new year to confirm. GD, 12/18"
137,GD will kick off onboarding on 10/06. SY 09/26
138,NYT to confirm budgets for gifting and VIP dinner. GD followed up for feedback on 09/17. We're still waiting on angela to get back to us SY 10/10
139,
140,"This didn't end up being an actual opp with Resy, so GD got tapped in. Waiting to hear back on Helen on budget. GD, 10/9"
141,"Given Opentable involvement + CoC bandwidth for Nov/Dec + low budget, we passed. SY 10/10"
142,Client wants to circle back for 2026 events. Client really liked the idea of an overnight press trip for NJ. NB will circle back at top of the year. SY 09/29
143,"Approved Event Concept: More than merely places to eat, restaurants can serve as bustling cultural hubs and key meeting places that play a pivotal role in crafting the zeitgeist of a particular era (see New York’s “yesteryear” issue looking at a century of the city through restaurants). Resy’s ""Restaurant Revival"" (official event name TBC), partners will create a special menu as an ode to a historic haunt, with playful period-specific decor and programming touches to transport diners to another time and place."
144,Included in list of event Cam sent to have on our radar. 4/17
145,All items in Production; shipping to begin the week of 10/06
146,
147,
148,"[Intake Notes here. GD internal go-no-go with Sue & Alexandra. GD, 4/21](https://docs.google.com/spreadsheets/d/1KIr-VCE8EyZQjSHtzPItGBLdtTrBz6UmZZiCWzSXokk/edit?usp=sharing)"
149,Team presented to client last week. Client said they'd provide feedback by EOD or Monday 09/29 at latest. SY 09/26
150,"NB offered Creative Concepting + Consulting services in lieu of Production, given low budget. NB and client hopped on call to discuss options, timeline, and concept. Awaiting client's decision on how they'd like to proceed for 2025, but most likely not happening. That said, client did like the press trip idea and want to potentially save that for next year so we have the proper time to put it together. SY 09/26"
151,"CoC presenting to Thompson on Monday 09/29. SY, 09/26"
152,WSA handling full production. CoC no longer needed. SY 10/06
153,Client did not have budget for production minimum. No next steps SY 09/26
154,Initial budget was $10k but then they came back saying they are flexible and asked us how much it would cost and then we went back with numbers to give them an idea. Awaiting feedback SY 09/26
155,NB meeting with client on-site on 10/07 SY 09/24
156,NB sending bandwidth assessment. We're waiting on final chandelier creative scope ahead of kick off. SY 09/26
157,"Client asked for a RFP within a week. Given low budget and brand misalignment, we turned this opp down. SY 09/26"
158,"SY followed up on SOW, but no response or feedback. SY 09/25"
159,"Given short timeline, project was not feasbile. SY 09/26"
160,SY to reach out in January for 2026 planning. SY 12/17
161,CoC turned down opp due to bandwidth SY 09/26
162,Client decided Winter Bazaar will replace this trip. SY 09/26
163,Awaiting client feedback. No response despite multiple follow ups. SY 12/17
164,"TBC - Vanessa has a close friend who is the Brand Experience Director of LVMH; Interested in seeing CoC agency deck. GD, 9/19"
165,"TBC - No specific event yet, client wants to do events and would love to explore working together; Client is Vanessa's a close friend who is the Head of Brand at Counter; Interested in seeing CoC agency deck. GD, 9/19"
166,"Back in August, client asked for time to review Liquor Cabinet Program internally. SY followed up on 09/15."
167,Next step is for GD to draft a scope for alexandra to review. SY 09/12
168,NB will follow up about working with them after the bake sale. SY 09/12
169,"Resy has ~20-30 more In-Rx Sponsored events for 2025- and a desire to have more notables, tastemakers and industry mavens attend their events versus the ""typical foodie influencer."" Next step is for Jo to finalize scope with Natasha. She will send to Gaby/Alexandra for review first. SY 09/12"
170,Client didn't respond to inquiry follow-up. SY followed up on 09/12. SY 09/12
171,"Client has yet to bite on agency services. NB not following up because restaurant location is in Pacific Palisades + likely difficult to get CoC crowd to. SY 09/24  
"
172,"Client gave feedback on original SOW. Gaby sent updated SOW to client on 09/04. They confirmed they'll get back to us by Monday, 9/15 SY 09/11"
173,"Peter Do is launching a personal line, PD-168, and wants CoC to throw the launch event around NYFW. Client had no budget and needed CoC to find sponsor. We offered consulitng services instead. SY followed up with client on 09/04. SY 09/04 "
174,"Sue ultimately decided to pass, not the right brand fit. SY + GD still going to go meet founders in person and check out space. SY 09/15"
175,Last minute f&b production request. Unfortunately could not take on due to bandwidth and lack of lead time ST 09/04
176,"Sue & GD hopping on a call with Lauren in the next couple of weeks. GD, 4/8"
177,Budget will move to Cookie Week
178,"Re A24, this is for Materialist. The first activation is on the 30th but we're not involved in that. We'd only be involved in the after party on Mon, Jun 9. They are currently confirming talent hence the wait. Location would already be locked in and it's 620 at Rock Center (which I helped them get!) Theme is a ""wedding"" like party. SC, 4/30"
179,New Biz is onboarding Jake + Cole on 08/25
180,Client is thinking about doing an annual/bi-annual dinner series that combines various people in our network (and potentially beyond) because they believe that in-person experiences and connection are foundational to what they do. There isn’t much of a concept beyond this yet. They are wary of making it overly conceptual but these things in the VC industry tend to be so commercial/ transactional that it feels like there’s a unique opportunity to do something different. SY 08/28
181,"Founded by Estée Lauder’s granddaughter, Aerin Lauder, AERIN Beauty is a luxury fragrance brand inspired by Aerin’s signature style. Client is interested Event Concepting & Executive Production for consumer-facing buildouts + Creative Direction for Turnkey/Lower Budget Events they do through the year. They don't have anything specific coming up yet, but they wanted to chat with us to get the lowdown on our fees, services, and timeline needs so they can plan accordingly. FYI, originally they had that Rockefeller event, but they ended up partnering with Glossy for it and Glossy is handling all production for it, so there is no need for our services at this time.  SY, 08/27"
182,
183,Susana + Gaby met with Ann who is trying to convince the 99 Ranch Founder to write a book and wanted to brainstorm what brand evolution could look like. Idea is very nascent. No action items need. SY 09/04
184,Sue and GD had an intro call on 09/12 to talk through being their production partner for their hospitality evnets. Next steps is for GD to schedule an in person meeting with their larger team to talk about their hospitality strategy. SY 09/12
185,"They're not ready to chat specific details on either events quite yet, but they wanted to chat with us to get the lowdown on our fees, services, and timeline needs so they can plan accordingly. Gaby sent agency deck. SY 08/28"
186,"Dan Giusti asked Sue for help spreading the word about the Brigaid Summit to sell more tickets. Sue offered to help strategize how to get the word out through media, influencers, and partnerships. SY, 06/20"
187,"Carla inquired about working with Care of Chan for a holiday party, requesting a quote from CoC before pitching to Banana Republic. Gaby provided budget minimum, awaiting more info from client. SY 08/28  
"
188,Carrie reached out with prelim info. GD setting up a call. 2/27
189,"Sarit was intro'd to Sue through Bondi PR. Matter is a meal planning app that provides meal prepping through their new fast-casual restaurant in Soho, opening in September. Client ultimately didn't have budget at this stage SY 08/28"
190,
191,
192,"Interested in pitching their venues for our intl. trips. Susana took the call with Parasol. Next steps: waiting to receive client list to share with CoC team for future gigs SY, 08/28"
193,No next steps.
194,"Reached out via Typeform, pitched Liquor Cabinet Program, no response despite follow-ups. SY, 08/28"
195,Gaby's friend put us in contact. We've spoken to this company before. Unfortuantely they are unable to do partnerships for the rest of 2025 due to tax imports. SY 08/21
196,[Client Brief here. Included in list of event Cam sent to have on our radar. 4/17](https://drive.google.com/file/d/1xcyX4CdyXK5_aldPcdj2tgG7G381lo-f/view?usp=sharing)
197,Client had unrealistic production budget and not sufficient track record. We passed due to bandwidth. SY 09/10.
198,Sue had lunch with Rachel and put NB in contact to share more about our services SY 08/28
199,
200,"Budget was unfortunately too low for us to take on this production. We provided vendors/partner recommendations and expressed interest in future partnerships. SY, 08/28"
201,Client did not provide enough lead time. CoC could not produce.
202,"Sue had a quick chat with Barbara and she mentioned they'll be ready to talk in late July. GD, 6/27"
203,"Client reached out to us with $5k asking for custom mailers for 100 people. SY kindly responded with a realistic budget estimate of what this job would require. We passed on the opp, but expressed interest in exploring future partnerships. SY 08/19"
204,"GD scheduling intake. GD, 5/15"
205,"Could not take this on due to bandwidth, but keeping the door open for future opps. SY, 8/11"
206,GD had a larger convo with their VP of marketing this week. Sounds like we might be in the running to help for 2026 events. SY 09/26
207,Client had smaller budget + never responded after hearing production minimums. SY 08/28
208,"Client reached out for creative consultation regarding luxury client Cadillac. SY, 07/22"
209,"Perry Ross used to work at Bobbie. Bobbie is planning a fun activation tied to campaign with Alex Morgan, centered on redefining the idea of a ""soccer mom"". SY, 07/22"
210,DM reached out for production of Chess Club event with celeb talent. Low budget for ask. SY 07/22
211,"[Client brief here. Two day activation. GD did intale, sorting out next steps. 4/9](https://drive.google.com/file/d/15GfY_YQDHYJcHjFrIJuvEGRKdzXcNhId/view?usp=sharing)"
212,"Sue met her in person and followed up with our agency deck. GD, 4/15 Sue and Lindsey met again at Design.Space. and spoke about partnering for E+C WNBA All Star Experience. SY, 06/03"
213,Client was rude in email correspondance. Sue recommended not following up. 10/21
214,Included in list of event Cam sent to have on our radar. 4/17
215,
216,"Opportunity came through as RFP. If we get the bid, client would be Canada Goose. SY, 07/10"
217,
218,"They're not able to make the bodega happen due to budget, but they're building out holiday and spring 2026 now so maybe for next year SY 07/18"
219,"After sharing SOW with client, we are hopping on a call with Kristin + Sue to chat throw SOW on 09/10. SY 09/04."
220,
221,"Bolun was introed to CoC by Nicolas Simon from Wilcuma. Bolun is the owner for August Hospitality and Yingtao restaurant in Hell's Kitchen. He's looking to switch things up from a PR standpoint. SY, 06/10"
222,"Homecourt was one of the brands from Prix Fixe 2025 Summer Suite. Susana requested brand intro from Oset and Prix Fixe team. SY, 06/23"
223,"Sue had convo with Stacey when she came by the office. 2026's Nothing New was mentioned as potential collaboration. SY, 06/23"
224,"Soft Services didn't have budget to work with us, but we shared consulting option - Unfortunately was still out of budget. SY, 06/18"
225,"Sue had a meeting with Thessaly. They're still sorting out details. GD to reach out closer to the event to move forward with proposal process. GD, 3/26 The client decided to postpone party due to budget constraints. SY, 06/11"
226,"Sue met Revekka and Miltos from Dion at Cafe Zaffri on 05/30. We met with discuss Dion x CoC partnership. Ultimately decided there wasn't sufficient brand alignment SY, 06/02"
227,"Annie and CoC worked together when she was at NYT Cooking! Annie reached out to CoC for a ook launch party for David Gelles. CoC couldn't take it on due to low budget. SY, 06/02."
228,"Convo started on 3/24/2025. GD had call with founder. They sent samples. GD drafted proposal on 04/23. Stuzzi responded saying despite being really excited to work with CoC, the SOW and the fees associated with it would best be fit for them in 2026. Will reach out by end of 2025. SY, 06/05/25"
229,"Likely a no-go, given location & request for PR services, SY 05/29"
230,"Francesco reached out for introduction and possible collaboration. Terramadre homes manages a selection of properties with tangental full suite of luxury concierge. They're looking for like-minded partners who can manage the international promotion and commercialization of their villas, targeting a qualified and high-end clientele. SY, 05/30"
231,
232,"Lizzie Noonan connected Sue. GD scheduling a call, no word. GD checked in with Lizzie to give her a nudge but no response. GD, 06/12"
233,"[Intake Notes here - they want us to help manage their PR plan and local agencies. Giulia sent their full calendar, GD working on SOW. GD, 1/22](https://docs.google.com/spreadsheets/d/1k0ygl0zWFU6zJ9nezl2WytybZ5sfu1zapG7bsSxujKE/edit?usp=sharing)"
234,"[Full Intake here. GD confirming internal go-no-go. GD, 5/1](https://docs.google.com/spreadsheets/d/1UvKknFk_OYbcnKZ9RHx1nWD0_yxZrtQiU83VJK8q_3g/edit?gid=0)"
235,"GD had a call, they seemed interested in Liquor Cabinet. Followed up to schedule a tasting and looks like contact is no longer there. CEO is now in touch and I had shared info with them. Waiting on response. GD, 4/3"
236,"Niraj reached out to Sue. Waiting on further details. GD, 4/7"
237,"Negin reached out about a Monses Dinner. It didn't work out, but there are potential opportunities for Fashion Week and the Met. Sue let me know that they chose another venue/partner for The Met but that she set her up with a site visit and dinner at The Twenty Two. She'll be back in May and Sue will reach out then to connect with her about future opps. GD, 4/3"
238,"They reached out about a Feb event, but timing was too tight. They want to engage us for an anniversary event later. GD to check in with them at end of February. 2/3"
239,"GD took a call. Super early, so they don't have a confirmed budget. GD to check in during the summer. GD, 4/3"
240,"Lisa reached out about the opp. GD trying to set up a call. GD, 5/1"
241,"GD took intake call. It was for RSVP management. We didn't feel it was the right fit. That said, they have other events coming up, so we should consider this a warm lead. GD to check in with them in May. GD, 3/31"
242,"Lizzie connected us just around the tarrifs announcement. When I tried to shcedule a call they asked if they could have more time and they would circle back later this year when budgets will be more certain. GD, 4/23"
243,"Jo met with Katie and looped in Gaby. GD, 2/13"
244,"[Intake here, Gaby met full Woodbine team and shared budget range. They confirmed they have a cap of $200K all-in and will get back in touch once they have a PR agency who can serve as a thought partner on the event. GD followed up with Beth in March, and she told me they are still sorting out details and that the event has been pushed to August. GD, 4/3](https://docs.google.com/spreadsheets/d/1jyEb7CvH37NWux4b9OhRCNHv-mvETDtywUS4y2zaKyU/edit?usp=sharing)"
245,"GD had call. There's multiple ways we could partner. She's an in to specific venues, but she also mentioned that they have a catering arm that could use our creative help. She said she'd reach out when an opp like that arises. GD, 4.9"
246,"[Gaby had intake call. Notes here. They're hosting a conference and are looking for production partners. I let them know we don't typically produce large conferences like that, but we could come on as a programming partner. It was more of an exploratory call, she'll get back to me with what they're thinking now that they have more info on us. 3/26](https://docs.google.com/spreadsheets/d/13hXOJXzWpCZuHN8de8n8kYs4Pg-oTOF96J6DakrOdjU/edit?usp=sharing)"
247,We did not have the bandwidth to take on the event.
248,"Connected with us over Chef's Table and also wanted to chat about an event opp. We sent through our deck and are waiting to hear back. GD followed up. GD, 4/3"
249,"Sue & Gaby chatted. Looks like we could potentially do a programming scope. Next step is a tour, Gaby looped in Afoma to set that up. GD, 1/29"
250,"Sue and Gaby met with Wilma and Lauren to brainstorm 2025 event ideas. They are taking our ideas to their exec team and will try to schedule another brainstorm with us. GD, 11/21"
251,"Gabby Katz gave Tori my email, so she could reach out about any potential restaurant venues for their PR dinner in September 2025. I let her know we are no longer repping restaurants, but that I'd love to hop on a call to chat how we could help with their events. Gaby working on scheduling that meeting for January. GD followed up to schedule call, 1/13"
252,"[Intake Notes here. Rachael is working with Bureau Betak and they need our help with culinary. GD took a call, but it sounds like their budget is slim. I proposed that we'd be open to negotiating our fee, but still waiting to hear back. GD, 4/3](https://docs.google.com/spreadsheets/d/1AnhrSQkYU6tWWPNIl1HvKF1BUJXZQgV7MZp2fOnw3ks/edit?usp=sharing)"
253,"Reached out, Gaby sent form, and then will schedule an intake. GD followed up for them to fill out form. GD, 1/29"
254,"Sue and I hopped on a call. They are still in the early stages ahead of launch. This was more of an exploratory call. We have them some launch tips, but I would consider this lead warm. GD, 4/3"
255,"[Intake Notes here. GD to reach out closer to the event date for a proper intake. GD, 1/15](https://docs.google.com/document/d/18mdCA_zjHmhgueCmgugDfV9cDb7qlmXwM0I7ENlcuHo/edit?tab=t.0)"
256,"May 2024 did not pan out, but they are interested in working with us for the close out of the series in May 2025. Gaby sent a follow up note in Jan 2025. GD, 1/29"
257,Mariam reached out with some q's on budget. SC scheduling a call with GD. 2/25
258,"GD and SC met with the Svenskt team in NYC. They told us they'd follow up with a final budget by EOY and we'll move forward then. GD, 11/21"
259,"Gaby was in touch about a May event, but it didn't pan out. Grace gave me the heads up on Fall. GD, 3/14"
260,"[Intake here - Carly let me know they have an event series they may need our help with. Carly is based in LA, so GD to hold on following up until Feb at the earliest. GD, 1/13](https://docs.google.com/spreadsheets/d/1ShUMcNtVfqo8flMLUSpMH5DUtvq2F5dhF10JnagPB7Q/edit?usp=sharing)"
261,"Alexandra mentioned an Etsy event in August/September. Gaby to check in with her in May for updaes. GD, 3/11"
262,"[Intake Notes here - Hosting at the Proper Hotel and they are interested in working with us to produce the trip. Waiting on client go-no for LA Frieze Event and then we can chat more about this. GD, 11/18](https://docs.google.com/document/d/1RI8abJFy0Zk3i4cpxj9fnnaRJiR97pEBmKO7cxhxycA/edit?usp=sharing)"
263,"Shane connected us, GD setting up a call. GD, 1/30"
264,"Oset connected us, GD scheduling intro call. GD, 1/27"
265,"Afoma connected us. GD scheduling a call. GD, 1/31"
266,"We passed due to bandwidth. GD, 2/25"
267,"Macy reached out, GD sent Typeform to get more details. GD, 1.30"
268,"Sue had dinner with them and they're interested in working with us on:  
-Curating chefs for their ""professional"" lunch events there are about one a quarter for two of their corporate clients  
-Curating menu enhancements for their catering menus  
-Curating the chefs for the cafe at Carnegie Hall  
  
GD and MDH had a call to chat further. GD drafting SOW. 2/18"
269,Sue in touch about potential to produce symposium - 8/1
270,"Gaby and Sue did a brainstorm with them. Stephanie to confirm budget and final details in December. GD, 11/21"
271,"Sue took the call and followed up with questions and looped Gaby in. GD, 11/18"
272,"[Intake notes here. GD sent deck, waiting on response. GD, 1/17](https://docs.google.com/spreadsheets/d/1UsiOFbLNL15uC5dhAbksd_4lAdfXbG1a7xcpqT6GDtI/edit?gid=0)"
273,"[Intake here, Samantha said she would follow up in two weeks to chat budget - 10/18](https://docs.google.com/spreadsheets/d/1QBlxhHNFU58pg8Y4iGrpYiZHQC-mE5d_gyA_YlsjyWA/edit?usp=sharing)"
274,"Sue got connected and we are scheduling a meeting in January, GD, 12/17"
275,"Nicole originally wanted to partner with us for production for a summer event, but it got pushed to holiday. Gaby followed up for an update on if this is still happening - 8.26"
276,"[July 2024 Intake Notes here - ended up passing because of budget. GD sent follow up note to chat 2025. GD, 12/3](https://docs.google.com/spreadsheets/d/1XuRk7UKgahcVF-z3-ogSUPGoku3nyco7DmrYpfm5zLw/edit?usp=sharing)"
277,"[Intake Notes here - We passed on RSVP management, but sent details about Liquor Cabinet. Waiting on response GD, 11/25](https://docs.google.com/spreadsheets/d/1pjSJjr1woaVH6CaD1MHMZM1_iad_Sbe-Nzubknl41WM/edit?usp=sharing)"
278,"Production team sent an intro, Gaby sent a follow up to schedule a call. GD, 12/2"
279,"Jess reached out about an event in October and we had to pass due to bandwidth. To ensure future opps, we are signing an MSA and hopping on a call to be a preferred vendor. She never responded, so I followed up. GD, 12/3"
280,"Sue had a meeting with Heidi after they invited her to the Margaux event. They upcoming events for their client Cybex. They owe us budgets, and then from their we can chat more details. 10/21"
281,"[Intake here - they are interested in production + RSVP Management, Gaby chatting scope and fees. 10/22](https://docs.google.com/spreadsheets/d/1WoPBGfzlgWHUWfj30LQlGiEo_88KePQDtkZUXueMvZI/edit?usp=sharing)"
282,"JB reached out to Sue, Sue shared our deck. GD followed up for next steps and JB asked to circle back in early of Decmber. Let's reach out when RTH is ready. SY 10/15"
283,"Filled out form, budget is too low and dates don't work. GD inquired about flexibility. GD, 12/10"
284,"Met the team at J.Crew Gifting suite and reached out to general about our services. GD scheduling a call. GD, 12/3"
285,"[Full brief here. Internal Go-No-Go. GD, 12/10](https://drive.google.com/file/d/1rCPj4RxFa5R9No6LEljRN1mfwzf_fiPx/view?usp=sharing)"
286,"Gaby sent form to review opp, we're passing on the overall gallery activation, but are pitching VIP dinners - 7.9"
287,"[Intake here - more of an intro call. Daniel is shopping around to his team and will get back to us with opps. They want to meet Sue when she is in LA next. GD, 10/22](https://docs.google.com/spreadsheets/d/1WOwOqOtttaX342gd2-k0eNUdHhYHr2hsdmzotiZXvUU/edit?usp=sharing)"
288,"[GD took call, Intake Notes here. Internal Go-No-Go with Alexandra & Sue. Recommended passing. GD, 12/3](https://docs.google.com/spreadsheets/d/1IShWo41DqaCU2CfdQ8u6NjdsEqIe8TFK-HCJzrhW4C8/edit?usp=sharing)"
289,"Had a call, they don't have much budget. GD, 12/3"
290,"They reached out to us and thought we were a catering company. We passed, but we offered a call to understand their needs for future opps. Marci to join as it relates to 3.0. 10/4"
291,"David appraoched Sue to produce the events that PRIOR would creative produce. Zach is working on a budget to help with RFP process, but this is very tbd. 10/17"
292,"Gaby connected with Coco. She has an upcoming launch with Rouge. Timing is tight, but I told her to send details and we can review in full from there. 10/22"
293,"[Intake here - Internal go-no-go on RFP. GD, 10/23](https://docs.google.com/spreadsheets/d/1_ROGcvgE44xaD9wY7vcoeIzkUWPP3kyhr_d2N3IeDRw/edit?usp=sharing)"
294,"[Intake Notes here, Care of Chan passed on the opp. GD, 11/19](https://docs.google.com/spreadsheets/d/1cb78DDBm6RDAYrO35QfoIciX8YcECfgesKsKo1Ri_Q0/edit?usp=sharing)"
295,"[Intake here - Internal go-no-go on, GD 11/1](https://docs.google.com/spreadsheets/d/1arkYmoPr8GobvcmhKYA5bW-74m-xzNNYCA6RTsBlvWM/edit?usp=sharing)"
296,"[Intake here - more of an intro call. Daniel is shopping around to his team and will get back to us with opps. They want to meet Sue when she is in LA next. GD, 10/22](https://docs.google.com/spreadsheets/d/1WOwOqOtttaX342gd2-k0eNUdHhYHr2hsdmzotiZXvUU/edit?usp=sharing)"
297,"[Intake here - budget is super slim, but we are waiting for them to share images of their line so we can point them towards a venue or freelance producer who could take this on - 9/30](https://docs.google.com/spreadsheets/d/1FrfVHhk0ulYUREyVcT5ZBlSU3SE8TAdU0n1IikzphJg/edit?usp=sharing)"
298,[Intake Notes here - Gaby in chats with Kristin about RSVP Management - 10/3](https://docs.google.com/spreadsheets/d/1UdhDiMUWrBNB03y3VSmmstAThy_o-gJMP682JbaK7tc/edit?usp=sharing)
299,"[Intake Notes here, we sent proposal earlier in the year, and Mack let me know LDN is potentially coming online, Gaby followed up - 7.8.24](https://docs.google.com/document/d/1djT-cZTHEhOncNaGxpetaivWH8FO-65wkwyjjWrB8KI/edit?usp=sharing)"
300,Gaby scheduling intake for week of 9/16
301,"We were in discussion with them back in 2023, but conversations stalled. Alexandra followed up after news came out about the opening in 2025. 6/5"
302,"[Intake here - We passed, but we are trying to get Sue to the event so that we can secure future gigs with Uniqlo. 10/4](https://docs.google.com/spreadsheets/d/1JOHFR1Qq4XpFhNzHc2OrprmK7dKmT0w-phgT92iPQ1I/edit?usp=sharing)"
303,"[Intake Notes here, we sent proposal earlier in the year, didn't hear back. Gaby to ask about the potential for this in 2024 in the Fall - 8.5](https://docs.google.com/document/d/1djT-cZTHEhOncNaGxpetaivWH8FO-65wkwyjjWrB8KI/edit?usp=sharing)"
304,"Spoke with Allie about a potential retail activation where we would come on to consult. Budget ended up being way too small, however we are sharing an ideal budget number so they can plan to have us help in the new year. Gaby sorting that out with Alexandra - 8.22"
305,GD upselling VIP RSVP Management. Client asked GD to share case studies or event recaps on Care of Chan’s VIP services SY 09/12
306,"[Intake here - more of an intro call. GD, 9/17](https://docs.google.com/spreadsheets/d/1DsSYT0FpPDiKgPsERx9kj0LLO74pn8NVT_2VqLc27rk/edit?usp=sharing)"
307,"Gaby sharing rough estimate, waiting to hear back on feedback. No word, so followed up - 8.26"
308,"[Intake Notes here - Scoping other agencies. Gaby shared our deck and is waiting on next steps. Gaby checked in with Natasha about this since Resy is sponsoring, waiting to hear back - 8.5](https://docs.google.com/document/d/1csGB1Q7_yi9aR5F27F_ObENVyXJtm3v6GBQHl2mAs-c/edit?usp=sharing)"
309,
310,"Sue met with contact week of July 8: ""I met with her last week and gave her some ideas that she plans to present to her boss. I do think we should still keep this lead warm but looks like 2025 is the soonest something will happen"" - 7.15. Emailed March 2025, said she would pass along to the Marketing Director."
311,"[Intake Notes here - Gaby sent note to Kristin that budget is too tight. We pitched the idea of only creative consulting and helping with RSVPs, waiting to hear back. Gaby followed up - 8.22](https://docs.google.com/spreadsheets/d/1UdhDiMUWrBNB03y3VSmmstAThy_o-gJMP682JbaK7tc/edit?usp=sharing)"
312,"[Intake Notes here - Gaby to confirm pass, but leave the door open for 2025. 9/12](https://docs.google.com/spreadsheets/d/1LcAo_YbmBFd8kwoQQ4rtD0WCEq45YO-JDuWv-9k8pko/edit?usp=sharing)"
313,
314,"Reached out about an event in November, don't have the bandwidth"
315,"Reached out about work, we told them we are at capacity - 9/11"
316,"[Intake here, Gaby taking secondary call for final details/budget before we can move into internal go-no-go 9/24](https://docs.google.com/spreadsheets/d/1CdYEkZWiiCBf32TCsNarwWTzOpMz80F97Rqq-kCbFPQ/edit?usp=sharing)"
317,"Sue met with head of hotel in early August and they said they'd reach out in two weeks to discuss programming with us further. Theyd didn't end up reaching out, so Gaby asked Sue to follow up - 8.26"
318,Sara'o reached out to us about an activation in September that we had to pass on due to timing. He mentioned to Sue that they're may be an opp to work together on the Parthenope party. Gaby to schedule intake - 7/17
319,[Intake Notes here - Gaby working with Alexandra on go-no-go 8.22](https://docs.google.com/spreadsheets/d/1U3_qsXwnpWYnmPDPHQ1HR-9RtIbpvfUWDiFdibIyI88/edit?usp=sharing)
320,"[Intake Notes here - we ended up passing on this, but will keep in touch with Lede for future opps. 8.22](https://docs.google.com/spreadsheets/d/1rssboiCW7uazyMmDMDY718AwDFwdkhFGgKB6lCLZofc/edit?usp=sharing)"
321,"They let us know about a Fall event. No updates yet, but they said we'd be the first they'd go to should they have enough budget - 5/31"
322,"Gaby passed due to bandwidth, but check back in during the Fall to see what they have in the pipeline - 6.24.24"
323,"Gaby had intro call with their team on 4/10. They don't have anything specific at the moment, but love what we do for J.Crew and may have a potential opportunity for us in the Fall. Gaby will check in with them in the summer."
324,"Gaby & Sue met with Laura in 2023, Sue followed up - 3.25.24"
325,"Sue sent a note to Jaime with our deck, Jaime let us know they have an in-house producer, but would let us know of any future relevant project"
326,"Emily reached out about a pop-up, but we passed because it was more about fabrication and less about brand building. We offered OVERNIGHT as an option, and they let us know they'll keep us in mind for future opps that are more relevant to our work. Sue/Gaby to follow up in July to see if they have any Fall events planned. 6.4"
327,"Elana reached out about an event in September 2024. We declined due to other projects, but Gaby trying to connect to chat 2025 - 7/31"
328,"Sue reached out to team for 2024 events, no response from client yet - 7.2.24"
329,Darcy passed on BABES but looped us in to help plan two cocktail events for the summer. Sue is owning this scope. 6.4
330,Daniel from Lede let us know in April he's waiting to meet with Whatsapp and will get back to us. Gaby asked Sue to follow up - 5/31
331,[4/3 Intake Notes here - they ultimately passed because of the timeline. Gaby to check back in later in the year for other opportunities.](https://docs.google.com/document/d/1F5TlDcUAI5EHU_FmUKi5TLXumA3Is1N6vCYE5W4WeqY/edit?usp=sharing)
332,"Sue sent agency deck in 2023 and followed up to chat new biz, Cathy asked to circle back in June. Since we're at cap, Gaby to circle back in the Fall to talk 2025. - 7.9"
333,They were interested in us getting involved with their Tennis Camp events - Gaby followed up on 5/31 to try to schedule a call
334,"[General 2024- Marimekko - Meet-and-Greet  
Gaby shared services deck- Marimekko to let us know if they have projects to reach out about](https://docs.google.com/document/d/1-ZbZ5x4iDVuHZLnC-5cvYKlhWgmwmCdSozoI5r9Yapc/edit)"
335,"Gaby sent form & scheduling intake call to get more details, we ultimately passed, but Marci is in touch to discuss what our 2.0 services could look like for their corporate events - 7.15"
336,"Had an intro call with her, nothing solid at this point, but we're on their radar and they have our agency services deck."
337,"[Intake Notes here, we passed on this opp due to bandwidth but Gaby to check in in the Fall to discuss future opps - 7.9](https://docs.google.com/spreadsheets/d/1-Y9WSBU_pXHgqD0hKf9s-MQwTyrgFt1Ml78djrWzTOM/edit?usp=sharing)"
338,"We ended up passing on this because of bandwidth, but Gaby to plan on circling back in May for potential future projects."
339,"Ended up passing due to budget, but know about our services and will keep us in mind for upcoming events in Summer 2024."
340,They reached out to Sue but it was super last minute and we had to pass. They're intereted in working with us in the future.
341,"Erica reached out about helping out with a gifting initiative (they saw our work wtih Coach), but we didn't take on due to bandwidth. Gaby to check in during the Fall to chat about 2025 opps. 7/24"
342,"Sue sent proposal, Shane passed because they hired an events person, but they want to explore a scaled back program. Gaby connecting with Events Director in July to discuss what that would look like - 7/9"
343,We ended up passing on this because of bandwidth - 6.18
344,Sue owning conversation and will update Gaby via Slack
345,We ended up passing on this due to bandwidth. 6/18
346,"Alexandra sent proposal, Kirk said this is on hold while they figure out their BOH sitch - 4.22"
347,"Zach and Dani sent a collaborative pitch deck to Jessie to use to pitch the series to other regions. They have been extremely slow to respond, so we are going to push for 2025 events."
348,[Intake Notes here](https://docs.google.com/spreadsheets/d/18QLMDxejF-zv32xZ1yJXMh5PKoEH7f3jU0mceXzSXBo/edit?usp=sharing)
349,"We didn't have the bandwidth to take on this event at the time, so Sue passed them to Overnight. Sue is trying to schedule a meet and greet to chat future opps - 5.30"
350,"Reached out to Cole about marketing their festival. Timing is tight, but Gaby taking the call to see how we can work together at large, 6/7"
351,"Sent proposal, waiting on go-no-go - 5.31"
352,"Gaby passed due to bandwidth, but check back in during the Fall to see what they have in the pipeline - 6.24.24"
353,"Reached out in June 2024, but we didnt have bandwidth"
354,"Gaby chatted with Laura for intake, waiitng on her for next steps, 6/6"
355,"[Gaby had a meeting with him about an in-store event, but it was three weeks away, so he's going to keep us in mind for a future dinner series he's looking to launch. Intake notes here - 4/22.](https://docs.google.com/document/d/1hHP2LsYL7fquwNlKGuDuyhO9j6o4CaBAMhZOpY_WshM/edit?usp=sharing)"
356,"Gaby trying to schedule call, 4/3"
357,"Timeline to program their chef partners was super agressive. We countered their timeline, but they passed because our fee was too high. - 4/22/24"
358,"[They wanted to scope us out for catering. I told them we do exec production and they were interested in engaging us, but needed to get back to us with updates. Gaby followed up 4/29 Intake Notes here](https://docs.google.com/document/d/1RIRdEy3tvhARTaytPLg6VK6F3fE---PSX10hhsu_58A/edit?usp=sharing)"
359,"[4/5 Intake Notes here - Lisa wants to partner with us to produce events for her advertisors. Nothing immediate yet, but Gaby told her to get back to us once she has an opp so we can review if we can help out.](https://docs.google.com/document/d/1AQ_9EwlDUEAxB7JvZslZbDFeEHbhrXADVQv4elRGM0c/edit?usp=sharing)"
360,"[4/5 Intake Notes here - waiting on final budget from them. They said it was $20K, but they are seeing if they can raise that for us.](https://docs.google.com/document/d/1hjlpqiWtYo8hX3xg_UPZK-MJpRbVOM6fPjJEGd0Haus/edit?usp=sharing)"
361,"[Gaby + Sue took intake call, they need to get back to us on budget before we move forward with a proposal. They also need major help in getting sponsors to back this, so we'd need to first charge them for that to determine if we can move forward with event. Intake notes here. 4.24.24](https://docs.google.com/document/d/1jT5wbZi__2hCKrnImUae-vNxwBS8Ou7wtu7KYU0ryhs/edit?usp=sharing)"
362,emailing with Sue
363,[1.26.24 - East Fork Pottery Intake Notes](https://docs.google.com/document/d/1d0CbtOXfgNRa7xlFSiVpEgsg6jBMFug0uTY2Zp9Dj30/edit?usp=sharing)
364,[Intake Notes here - Camilla passed on scope. She's waiting to fundraise and will circle back when she has more money.](https://docs.google.com/document/d/13ejvepfkI3Iq4kx8L00cWn4FuxPhGnk7oSeQ7MvUL_Y/edit)
365,"They sponsored an event, and Zach connected Gaby to chat new biz. Gaby working on scheduling - 4.8"
366,"[Intake here, Gaby working with Sue & Alexandra on internal go-no-go, 9/20](https://docs.google.com/spreadsheets/d/11ceIPE_84F1V8sGKNfsROy1-xo8JzC5lCFT2KcKxTok/edit?usp=sharing)"
367,"Mati connected Sue. Dylan will be on the World Cup project, but he wanted to meet us in case we could help him on other projects. Afoma is setting up a meeting. GD, 4/3"
368,"Sue met with Mati and he mentioned the World Cup activation. GD, 3/26"
369,"Cam gave us a heads up that this is in talks. GD, 12/12"
370,"Lexie from Nunchi passed along Sue's email for an intro. SY, 06/17"
371,"CoC hosted the A24 Materialists after-party at the Plaza Oak Room. The staff was a pleasure to work with and requested a meeting to see how we can work together more. SY, 06/11"
372,"Lead came through Prix Fixe summer suite. SY, 06/10"
373,"CT wanted us to help them with a potential Mercedes event, but they are unclear on budget, so convo has been tabled. SY, 8/21"
374,"Gaby met Celeste at Office Hours. C&B sounds like they want to do more events. SY, 06/12"
375,"Westview Ventures reached out on behalf of Goop, RFP requested on 5/23/25, proposals due by 6/4/25. Sue responded asking if there's flexiblitiy, response TBD, SY, 05/29"
376,
377,"Sylvie Florman connected me. Scheduling intro call. GD, 5/15"
378,"Stevie gave me the heads up. GD, 5/9"
379,"Lori mentioned this was happening and asked for case studies. GD sent follow up, 6/12"
380,"Alexandra met with him for an initial call. She's setting up an in person meeting with me and Sue at WSA. GD, 4/3"
381,"Alexandra mentioned a holiday event in September. GD sent a note to follow up for details. GD, 5/5"
382,"[Intake Notes here. Waiting on go-no-go from client. GD sent follow up, 6/11](https://docs.google.com/spreadsheets/d/1Z9JojVTY1qO1J0DeGta1Z1wIr7AxVf5d3Ih558BjYMk/edit?usp=sharing)"
383,"Had an initial call. GD sent proposal and waiting on feedback. GD, 6/12"
384,"GD had an intro call. They have our deck and will keep us top of mind for future events. GD sent follow up, 6/12"
385,"GD working on concepting scope with Cat. GD sent follow up, 6/12  
  
Lots is going on at Moet & LVMH in general news. We should tread lightly when we follow up with Moet SY 07/17"
386,"Sue sent our deck. They mentioned their may be opportunities in the summer. GD, 2/12"
387,"[Notes here. Sara'o gave Sue and I the heads up that this might happen pending budget when we checked in at the top of 2025. GD, 1/15](https://docs.google.com/document/d/1UBhBXEDn_R3SPCKtdR6vlnJZ-uRSBiqw6Xc8ijzRztQ/edit?usp=sharing)"
388,"They reached out to us for a spring event and we passed due to bandwidth. They mentioned a Fall event that we want in on. GD to follow up in June 2025. GD sent follow up, 6/12"
389,"Had drinks with Vanessa. We chatted about some events in CPH & Berlin, as well as a big partnership event in Q4. GD sent follow up, 6/12"
390,"GD updating Liquor Cabinet Deck and will send over to them. GD, 1/29"
391,"GD drafting SOW. GD, 2/6"
392,"Gaby sent deck + Sue followed up with some notes. Waiting on client go-no-go. GD, 4/3"
393,"GD and SC met with Holly to chat the full 2025 calendar. Holly wants to see what a retainer model would look like. GD working with Alexandra to organize next steps. GD, 1/15"
394,"GD renewed 2025 contract, 1/22"
395,
396,"Reached out with an RFP. GD setting up call, 2/7"
397,"Sue & GD hopping on a call with Lauren in the next couple of weeks. GD, 4/8"
398,"[Scope here, September 1 start date. Gaby checked in for confirmation of dates, waiting on final feedback for contracing - 8.26](https://docs.google.com/presentation/d/1oBtBdp1tjtipF_13WE2P4aHABR_WSbMuTRS6EwzW9UM/edit?usp=sharing)"
399,Aiming for September 1 start date
400,
401,
402,[Intake notes here](https://docs.google.com/spreadsheets/d/1yBZKnbKhUod6cFjki0V1B7GV8MRb46v_9F9RFkQlFg8/edit?usp=sharing)
403,"Nicole sent through the opp, Joanne is scheduling intake and GD to join. 11/1"
404,"[Intake Notes here, GD assessing internal go-no-go. If we do this, we'll have to push the dates. GD, 12/3](https://docs.google.com/spreadsheets/d/1PudpNcf1UQowt38k4tukDvdNmJgRNtkMhHZi5FD3YrI/edit?usp=sharing)"
405,Cam wants to build a case for another influencer trip in 2025 and would like us to schedule a brainstorm later in late July - 5.30
406,"GD scheduling official intake call in Jan. GD, 1/2"
407,"GD setting up call for this week to grab more details. GD, 1/21"
408,Rachel told Sue about this opp and said that she'd reach out to us in a couple weeks - 9/20
409,"Sue did site visit, we're waiting on final confirmation on scope & fee. GD, 3/27"
410,"[Intake notes here. Internal go-no-go. GD, 4/3](https://docs.google.com/spreadsheets/d/1RxE-tLmdYegfiPXmQG4lcF3dJQZ5K-fxjGjZLgf2vzg/edit?usp=sharing)"
411,"Lori reached out via Typeform. GD setting up call. GD, 2/18"
412,"To celebrate Bastille Day, Resy and Le Diplomate will partner to bring an engaging and exciting experience to diners. Carefully curated branding and thematic experiences will lend to a celebratory for both restaurant guests and the community, alike.  
  
- Resy has not been able to have their meeting with STARR yet, but we've moved all Creative elements into Production"
413,[Intake here](https://docs.google.com/spreadsheets/d/14qJmg2FMn7t0n06huFu-oNcbMd_0Y8KevfyXdddu3YY/edit?usp=sharing)
414,"[Intake here, GD sharing scope with Holly for review. GD, 1/15](https://docs.google.com/document/d/1MWOb1MoBsYpI9Me07WWEnGAmAwScyPJyfffCmYoVjzY/edit?usp=sharing)"
415,"GD scheduling a call to chat through details. GD, 2/6"
416,"Sue met with Daniella & the Yola team to chat through event opps. Right now, they are thinking of the below:  
Wed, July 16 - Box Buyout at Liberty vs. Fever Game at Barclays + Brand(s) PR Dinner in NY  
Fri, July 18 - Brunch/Lunch in Indy before game  
Sat, July 19 - After party in Indy after game   
  
Sue to loop me in once she's ready. GD, 3/27"
417,[Intake Notes here](https://docs.google.com/document/d/1pgpV9yPtlV49NDnwZdhTEwxxqEKB2lt_TwVbI9QDZII/edit?usp=sharing)
418,[Intake Notes here - Gaby confirmed that we'd like to move forward with the client and will kick off proposal phase - 8.16](https://docs.google.com/spreadsheets/d/13mA7LMMskt9tdhPQpeNkSTqiChI4C-v2rpN7x696DJ4/edit?usp=sharing)
419,Scope Completed
420,"[Theory- Power Lunch/ Columbia University Women's Day-  Production Intake Notes  
](https://docs.google.com/document/d/1Shl6gZaMvBYp8xFOK2O8fcIX1vNT5WAClAqWWiBjZCY/edit)"
421,[Intake here - waiting on final date. We can take this on if it's in December. ](https://docs.google.com/spreadsheets/d/1v5x0hsNWp8R9r_1F2Lp4tGaNNO32aepAKBtrYBgjPmo/edit?usp=sharing)
422,[Intake Notes here  ](https://docs.google.com/document/d/1ogB6SfFmv-mXK7k60mY2MJucF0jbGRgRTCc3WCGB3y4/edit?usp=sharing)
423,"[Intake Notes here - 7.8.24, PLEASE NOTE THIS IS AN RFP, GIG NOT WON YET](https://docs.google.com/spreadsheets/d/18wLUL_ktAg3MrAkV_zW1rxWdD4PaXsnf0r7Aa6HdoWY/edit?usp=sharing)"
424,"Sue reached out and Sade said Holiday Party is definitely in the books. Gaby to schedule intake call closer to the date. In the meantime, they flagged they want to host at WSA. Sam is interested, just wants to confirm budget. - 7.2"
425,[Intake Notes here (FYI this shifted to a Power Lunch)](https://docs.google.com/document/d/1aDO9kCgTlcbM3K1dRldp7QATY2SKUZZo_Z-peO0dJrw/edit?usp=sharing)
426,In Progress
427,[Proposal Here - waiting on Natasha to finalize scope before getting into contract phase - 3.18](https://docs.google.com/presentation/d/1tWe1KcB9lvuVQlwvhI7Dt7M7eLCeHDkLEN-gQs39e9w/edit?usp=sharing)
428,"In discussion with Natasha about retainer model, we sent proposal and are in negotiations phase. "
429,Scope Completed
430,"Scope Completed, Boutique on payment plan for Final Invoicing"
431,[Intake here](https://docs.google.com/spreadsheets/d/1sffWPld5ocYoV9G4kadC5P2rNw1HSqnBZZEO35TWKP0/edit?usp=sharing)
432,"GD had intake call, budget is unclear, so waiitng on number and then we can tell them how we can help. GD, 10/21"
433,[Intake here](https://docs.google.com/spreadsheets/d/1u2TNTLQHMCcRVUSOnRvj-j4_ZfDIKO-k4kUJJiDlLuw/edit?usp=sharing)
434,Scope Completed
435,Scope Complete
436,[2024 TOUCHBASE- J.Crew ](https://docs.google.com/document/d/1_WHwh0ejcATWBWwzU5BS-BzWfMkobOfaZCnf8K0kqrI/edit)
437,[J.Crew x Maryam Nassir Zadeh Proposal](https://docs.google.com/presentation/d/1GFSX50PDcgnas-pIwETHLybp8LUsq6ppxxNi9RqM7V8/edit?usp=sharing)
438,[Intake Notes here ](https://docs.google.com/spreadsheets/d/1fv5TP-sGImoDeDgm0q6S5Lvu0dY4Rk6iAyw8o3v1ufY/edit?usp=sharing)
439,[Intake notes here ](https://docs.google.com/spreadsheets/d/1dwS-HtNrZ5LbiPOG8xCbmYYHLc1reyFpcKS92h8nDvQ/edit?usp=sharing)
440,Scope Complete
441,[Intake Notes here ](https://docs.google.com/spreadsheets/d/1u5L-qG7tGsGkSX-efurdlWzAY5SFtIzaDoC7-eJblUk/edit?usp=sharing)
442,
443,[Intake Notes here ](https://docs.google.com/spreadsheets/d/1XMRRLq16SN7I8TY1ks_nK8T_ma8dTcZMNh1mhPCHMSk/edit?usp=sharing)
444,Scope Complete
445,[Intake Notes here ](https://docs.google.com/spreadsheets/d/1OCr6yCJbswIMILSGIcdlpKD1PfWApjOOIQYYcBZsU4k/edit?usp=sharing)
446,[Spring 2024- Madewell Denim Atelier Roadshow-  Production Intake Notes](https://docs.google.com/document/d/11PTXrSsvlhIIZM2lrzWO6JvakxIm7VfWDIQljhpO8cw/edit)
447,[2.12.24 - Men's Community Campaign Dinner Intake Notes](https://docs.google.com/document/d/1a3vYPFQx04IZ7BOGMSAvDx3u_H8RYtlYRhdYfz5tziM/edit?usp=sharing)
448,[2.4.24 - Madewell Summersounds Dinner Intake Notes](https://docs.google.com/document/d/1HGxdgTPJA9VwAXLmgcphr6q0_9Cny_qaSChRma6ZRco/edit?usp=sharing)
449,[Intake notes here](https://docs.google.com/spreadsheets/d/1FvCcB1UcGn_L0dwWEZyjiRscP4wpHmr3Kx5Pcp_3PUw/edit?usp=sharing)
450,In Progress
451,[CoC x NYT 2024 (EXTERNAL DOC)](https://docs.google.com/document/d/1djT-cZTHEhOncNaGxpetaivWH8FO-65wkwyjjWrB8KI/edit?usp=sharing)
452,[Intake Notes here](https://docs.google.com/spreadsheets/d/1FzLePmvl_ynfTx-LkrqBwVLzT9ymYJ-zZRgo-6FQbDk/edit?usp=sharing)
453,
454,
455,
456,
457,[Intake here ](https://docs.google.com/spreadsheets/d/12zvUYMLldOlPONV2kpnFSq0CYQXNXAHhv8hWTIf4zuQ/edit?usp=sharing)
458,
459,"[Intake Notes here - Gaby sent note to Cam that we're interested, but it will require more budget, waiting to hear back 8.19](https://docs.google.com/spreadsheets/d/1aAEQoZ-Tm1gqWt8veb2fyiPEYE9WU6KhbTqDzbPseDQ/edit?usp=sharing)"
460,In Progress
461,[Intake Notes here ](https://docs.google.com/document/d/1UJ_k1x8zwXr2lEky2wJFats3oD94-I-585pZJLZn8Lg/edit?usp=sharing)
462,[Intale Notes here](https://docs.google.com/document/d/1d-xDCTigcbFkBX8Jd9FXJM74jIepCR7-p1H4z61582g/edit?usp=sharing)
463,[Intake here - 8.29](https://docs.google.com/spreadsheets/d/1TK9bSAxyKe8WrjXsVP0GBddrpDgUND1HVkTOtxPPXfk/edit?usp=sharing)
464,"GD sent proposal for Programming. Sounds like they also want production, but Gaby needs to work with Alexandra to make this work for us. GD, 4/3"
465,"P&F connected us, GD hopping on a call. GD, 4/3"
466,"Sue is a friend and had a meeting with her to pitch our services. Tiffany wants to set up a call in March. GD, 2/5  
Sue said to ignore/let this opp pass. SY 08/12"
467,"[Notes here. Sara'o gave Sue and I the heads up that this might happen pending budget when we checked in at the top of 2025. Gaby to follow up in the Spring. GD, 4/3](https://docs.google.com/document/d/1UBhBXEDn_R3SPCKtdR6vlnJZ-uRSBiqw6Xc8ijzRztQ/edit?usp=sharing)"
468,"[Notes here. Sara'o gave Sue and I the heads up that this might happen pending budget when we checked in at the top of 2025. GD, 1/15](https://docs.google.com/document/d/1UBhBXEDn_R3SPCKtdR6vlnJZ-uRSBiqw6Xc8ijzRztQ/edit?usp=sharing)"
469,"- Instead of just supporting the book in a few steakhouses around the US, Resy wants to go bigger and bolder!  
- Prelim talks about bringing a steakhouse (Peter Luger's?) to a winery in Napa (in support of the Tock integration)  
- Natasha is meeting with the new B2B VP on 07.21 and will be floating this idea to him"
470,FP filled out Typeform. They're constantly have various programs and activations and are looking for new and innovative partners. SY 5/29
471,"Client is celebrating a new store concept tied to a campaign launch later this month. The first store of its kind will open in Raleigh NC on 10/1. Client is looking to host a preview party the night before opening (9/30) and opening day events for customers (10/1). They will also have weekend programming (10/4 - 10/5). This event will need to be highly brand aligned with the new concept, with each touchpoint translating across all events. SY, 07/29"
472,"JJ reached out. Trying to schedule a call to chat details. GD followed up, 5/5"
473,"They will combine the Resy & Tock Marketing teams in Q1 (January 31st is the timing that was thrown around) - if that date sticks, Resy/Tock will issue a PR release in November, for which they'd like to explore an experiential event focused on wine makers & wineries in LA/Napa around the same time to get this industry informed and excited about Resy"
474,"[Intake notes here. Waiting on final budget confirmation + rush fees before proceeding. GD, 1/27](https://docs.google.com/document/d/18mdCA_zjHmhgueCmgugDfV9cDb7qlmXwM0I7ENlcuHo/edit?usp=sharing)"
475,"[GD to kick off Event Concepting scope. See here for full details. GD, 1/18](https://drive.google.com/file/d/1DQDuIQQLf-kzPUAN73IyTKbFm8nlG2Wt/view?usp=sharing)"
476,"Event was initially for Feb, but got postponed due to LA fires. Given the political climate, not sure if this is still happening. GD checked in with Daniel. GD, 5/1"
477,[Intake here ](https://docs.google.com/spreadsheets/d/1s8zhmX0SsMAidaQfs-KqjwAHpG-n2YOW220DQSRNgm0/edit?usp=sharing)
478,"This event got canceled, Alexandra negotiating a flat fee for the work we did for the proposal. 10/2"
479,[Intake Notes here - Gaby confirmed go with this event with the client - 8.16](https://docs.google.com/spreadsheets/d/1dcSj9Kf5bMkvJVCNDAwgglHXYdUCkT7oCYXqWHcbg0I/edit?usp=sharing)